prodi,universitas,passing grade
AGROEKOTEKNOLOGI (PSDKU KEDIRI),UNIVERSITAS BRAWIJAYA MALANG,5210
PEDIDIKAN DOKTER,UNIVERSITAS INDONESIA,724
KEDOKTERAN,UNIVERSITAS AIRLANGGA,703
PENDIDIKAN DOKTER,INSTITUT PADJAJARAN BANDUNG,694
KEDOKTERAN,UGM (YOGYAKARTA),689
KEDOKTERAN,UNDIP (SEMARANG),686
ILMU KOMPUTER,UNIVERSITAS INDONESIA,686
ILMU KOMPUTER,UGM (YOGYAKARTA),685
KEDOKTERAN,UNIVERSITAS BRAWIJAYA MALANG,685
AKTUARIA,UNIVERSITAS INDONESIA,682
KEDOKTERAN,Univ. SEBELAS MARET (SOLO),680
FARMASI,UNIVERSITAS BRAWIJAYA MALANG,680
FARMASI,Univ. SEBELAS MARET (SOLO),678
AKUNTANSI,UGM (YOGYAKARTA),675
PENDIDIKAN DOKTER,UNEJ (JEMBER),675
AKUNTANSI,UNIVERSITAS INDONESIA,675
AKTUARIA,IPB (BOGOR),673
MANAJEMEN,UGM (YOGYAKARTA),672
PENDIDIKAN DOKTER GIGI,UNIVERSITAS BRAWIJAYA MALANG,671
STATISTIKA,UGM (YOGYAKARTA),670
ILMU HUBUNGAN INTERNASIONAL,UNIVERSITAS INDONESIA,670
MATEMATIKA,UNIVERSITAS INDONESIA,670
ILMU EKONOMI,UGM (YOGYAKARTA),669
ILMU HUBUNGAN INTERNASIONAL,UGM (YOGYAKARTA),669
ILMU EKONOMI,UNIVERSITAS INDONESIA,669
AKUNTANSI,INSTITUT PADJAJARAN BANDUNG,667
ILMU KOMPUTER,IPB (BOGOR),667
ILMU AKTUARIA,UGM (YOGYAKARTA),666
TEKNOLOGI INFORMASI,UGM (YOGYAKARTA),666
TEKNIK KIMIA,UNEJ (JEMBER),665
TEKNIK INFORMATIKA,ITS,664
PSIKOLOGI,UGM (YOGYAKARTA),664
ILMU PSIKOLOGI,UNIVERSITAS INDONESIA,664
MATEMATIKA,UGM (YOGYAKARTA),663
TEKNIK INDUSTRI,UNIVERSITAS INDONESIA,663
TEKNIK METALURGI & MATERIAL,UNIVERSITAS INDONESIA,663
KEDOKTERAN GIGI,UGM (YOGYAKARTA),662
TEKNIK GEOLOGI,UGM (YOGYAKARTA),662
FARMASI,UNIVERSITAS INDONESIA,662
PENDIDIKAN DOKTER GIGI,UNIVERSITAS INDONESIA,662
MANAJEMEN,UNIVERSITAS INDONESIA,661
SISTEM INFORMASI,UNIVERSITAS INDONESIA,661
TEKNIK SIPIL,UNIVERSITAS INDONESIA,661
ARSITEKTUR,UGM (YOGYAKARTA),660
FARMASI,UGM (YOGYAKARTA),659
TEKNIK MESIN,UNIVERSITAS INDONESIA,659
PSIKOLOGI,INSTITUT PADJAJARAN BANDUNG,658
MANAJEMEN,INSTITUT PADJAJARAN BANDUNG,657
HUKUM,UGM (YOGYAKARTA),657
PARIWISATA,UGM (YOGYAKARTA),657
TEKNIK MESIN,UGM (YOGYAKARTA),657
ILMU ADMINISTRASI FISKAL,UNIVERSITAS INDONESIA,657
ILMU HUKUM,UNIVERSITAS INDONESIA,657
ILMU HUBUNGAN INTERNASIONAL,INSTITUT PADJAJARAN BANDUNG,656
TEKNIK KIMIA,UGM (YOGYAKARTA),656
AKUNTANSI,UNIVERSITAS BRAWIJAYA MALANG,656
STATISTIKA,UNIVERSITAS INDONESIA,656
TEKNIK BIOMEDIS,UNIVERSITAS INDONESIA,656
TEKNIK ELEKTRO,UNIVERSITAS INDONESIA,656
TEKNIK KIMIA,UNIVERSITAS INDONESIA,656
TEKNIK KOMPUTER,UNIVERSITAS INDONESIA,656
TEKNIK INDUSTRI,UGM (YOGYAKARTA),655
KEDOKTERAN GIGI,UNIVERSITAS AIRLANGGA,655
TEKNIK SIPIL,UGM (YOGYAKARTA),654
SISTEM INFORMASI,ITS,653
GIZI KESEHATAN,UGM (YOGYAKARTA),653
ILMU KOMUNIKASI,UGM (YOGYAKARTA),653
ILMU KOMUNIKASI,UNIVERSITAS INDONESIA,653
PENDIDIKAN DOKTER GIGI,INSTITUT PADJAJARAN BANDUNG,652
GIZI,UNIVERSITAS INDONESIA,652
ILMU EKONOMI ISLAM,UNIVERSITAS INDONESIA,652
TEKNOLOGI PANGAN DAN HASIL PERTANIAN,UGM (YOGYAKARTA),651
ILMU ADMINISTRASI NEGARA,UNIVERSITAS INDONESIA,651
TEKNIK LINGKUNGAN,UNIVERSITAS INDONESIA,651
SAINS AKTUARIA,ITS,650
TEKNIK ELEKTRO,UGM (YOGYAKARTA),650
AKUNTANSI,UNIVERSITAS AIRLANGGA,650
ILMU HUBUNGAN INTERNASIONAL,UNIVERSITAS AIRLANGGA,650
AKUNTANSI,UNY (YOGYAKARTA),650
MANAJEMEN,UNY (YOGYAKARTA),650
TEKNIK SIPIL,ITS,649
MANAJEMEN,UNIVERSITAS BRAWIJAYA MALANG,649
PENDIDIKAN DOKTER,UIN MALANG,648
TEKNIK PERKAPALAN,UNIVERSITAS INDONESIA,648
ILMU ADMINISTRASI NIAGA,UNIVERSITAS INDONESIA,647
TEKNIK INFORMATIKA,INSTITUT PADJAJARAN BANDUNG,646
PENDIDIKAN DOKTER GIGI,UNEJ (JEMBER),645
TEKNIK ELEKTRO,ITS,643
INFORMATIKA,UNEJ (JEMBER),643
MANAJEMEN KOMUNIKASI,INSTITUT PADJAJARAN BANDUNG,642
TEKNIK KIMIA,ITS,642
TEKNIK INDUSTRI,UNDIP (SEMARANG),642
MANAJEMEN,UNIVERSITAS AIRLANGGA,642
ILMU KOMUNIKASI,INSTITUT PADJAJARAN BANDUNG,640
MANAJEMEN DAN KEBIJAKAN PUBLIK,UGM (YOGYAKARTA),640
FARMASI,UNEJ (JEMBER),640
INFORMATIKA,Univ. SEBELAS MARET (SOLO),640
HUBUNGAN INTERNASIONAL,UNIVERSITAS BRAWIJAYA MALANG,640
ILMU KOMUNIKASI,UNY (YOGYAKARTA),640
ARSITEKTUR,ITS,639
TEKNIK INDUSTRI,ITS,639
TEKNIK SIPIL,UNDIP (SEMARANG),639
ILMU KOMUNIKASI,UNIVERSITAS BRAWIJAYA MALANG,639
KRIMINOLOGI,UNIVERSITAS INDONESIA,639
KEDOKTERAN HEWAN,IPB (BOGOR),638
KEDOKTERAN GIGI,UNDIP (SEMARANG),638
AKUNTANSI,Univ. SEBELAS MARET (SOLO),638
TEKNIK SIPIL DAN LINGKUNGAN,IPB (BOGOR),637
TEKNIK MESIN,ITS,637
MANAJEMEN,Univ. SEBELAS MARET (SOLO),637
PSIKOLOGI,Univ. SEBELAS MARET (SOLO),637
ILMU HUKUM,UNIVERSITAS AIRLANGGA,637
PSIKOLOGI,UNIVERSITAS AIRLANGGA,637
SOSIOLOGI,UNIVERSITAS INDONESIA,637
TEKNOLOGI INFORMASI,ITS,636
SASTRA INGGRIS,UGM (YOGYAKARTA),636
TEKNIK GEODESI,UGM (YOGYAKARTA),636
TEKNIK KIMIA,UNDIP (SEMARANG),636
ILMU KOMUNIKASI,Univ. SEBELAS MARET (SOLO),636
TEKNIK ELEKTRO,Univ. SEBELAS MARET (SOLO),636
SASTRA INGGRIS,UNIVERSITAS INDONESIA,636
SASTRA JEPANG,UNIVERSITAS INDONESIA,636
PSIKOLOGI,UNY (YOGYAKARTA),636
FARMASI,INSTITUT PADJAJARAN BANDUNG,635
TEKNIK BIOMEDIK,ITS,635
ELEKTRONIKA DAN INSTRUMENTASI,UGM (YOGYAKARTA),635
INFORMATIKA,UNDIP (SEMARANG),635
AKUNTANSI,UNESA (SURABAYA),635
EKONOMI,UNESA (SURABAYA),635
MANAJEMEN,UNESA (SURABAYA),635
ILMU KOMUNIKASI,UNESA (SURABAYA),634
FARMASI,UNIVERSITAS AIRLANGGA,634
PSIKOLOGI,UNIVERSITAS BRAWIJAYA MALANG,634
SOSIOLOGI,UGM (YOGYAKARTA),633
TEKNOLOGI INFORMASI,UNY (YOGYAKARTA),633
STATISTIKA,INSTITUT PADJAJARAN BANDUNG,632
AKUNTANSI,UNDIP (SEMARANG),632
TEKNIK SIPIL,Univ. SEBELAS MARET (SOLO),632
SASTRA INGGRIS,INSTITUT PADJAJARAN BANDUNG,631
TEKNOLOGI PANGAN,INSTITUT PADJAJARAN BANDUNG,631
TEKNIK KOMPUTER,ITS,631
TEKNIK GEOLOGI,UNDIP (SEMARANG),631
PSIKOLOGI,UNESA (SURABAYA),631
TEKNIK INFORMATIKA,UNIVERSITAS BRAWIJAYA MALANG,631
TEKNIK KIMIA,UNIVERSITAS BRAWIJAYA MALANG,631
JURNALISTIK,INSTITUT PADJAJARAN BANDUNG,630
HUBUNGAN INTERNASIONAL,UNDIP (SEMARANG),630
TEKNIK GEODESI,UNDIP (SEMARANG),630
HUBUNGAN INTERNASIONAL,Univ. SEBELAS MARET (SOLO),630
TEKNIK INDUSTRI,UNIVERSITAS BRAWIJAYA MALANG,630
TEKNIK SIPIL,UNY (YOGYAKARTA),630
BISNIS DIGITAL,INSTITUT PADJAJARAN BANDUNG,629
ILMU KOMUNIKASI PSDKU PANGANDARAN,INSTITUT PADJAJARAN BANDUNG,629
KIMIA,INSTITUT PADJAJARAN BANDUNG,629
MATEMATIKA,IPB (BOGOR),629
FARMASI,UNDIP (SEMARANG),629
MANAJEMEN,UNDIP (SEMARANG),629
TEKNIK ELEKTRO,UNDIP (SEMARANG),629
TEKNIK KIMIA,Univ. SEBELAS MARET (SOLO),629
EKONOMI PEMBANGUNAN,INSTITUT PADJAJARAN BANDUNG,628
MANAJEMEN,IPB (BOGOR),628
ARSITEKTUR,UNDIP (SEMARANG),628
AKUNTANSI (PSDKU BANYUWANGI),UNIVERSITAS AIRLANGGA,628
EKONOMI PEMBANGUNAN,UNIVERSITAS AIRLANGGA,628
MATEMATIKA,INSTITUT PADJAJARAN BANDUNG,627
EKONOMI PEMBANGUNAN,IPB (BOGOR),627
ILMU GIZI,IPB (BOGOR),627
ILMU KOMUNIKASI,UNDIP (SEMARANG),627
EKONOMI PEMBANGUNAN,Univ. SEBELAS MARET (SOLO),627
SASTRA JEPANG,UGM (YOGYAKARTA),626
TEKNIK KOMPUTER,UNDIP (SEMARANG),626
TEKNIK INDUSTRI,Univ. SEBELAS MARET (SOLO),626
SISTEM INFORMASI,UNIVERSITAS AIRLANGGA,626
KEHUTANAN,UGM (YOGYAKARTA),625
TEKNIK SIPIL,UNIVERSITAS BRAWIJAYA MALANG,625
ILMU HUKUM,INSTITUT PADJAJARAN BANDUNG,624
ILMU POLITIK,INSTITUT PADJAJARAN BANDUNG,624
TEKNIK GEOLOGI,INSTITUT PADJAJARAN BANDUNG,624
TEKNIK NUKLIR,UGM (YOGYAKARTA),624
TEKNIK ELEKTRO,UNY (YOGYAKARTA),624
PERENCANAAN WILAYAH DAN KOTA,UGM (YOGYAKARTA),623
ARSITEKTUR,Univ. SEBELAS MARET (SOLO),623
TEKNIK BIOMEDIS,UNIVERSITAS AIRLANGGA,623
STATISTIKA DAN SAINS DATA,IPB (BOGOR),622
TEKNIK MATERIAL,ITS,622
POLITIK DAN PEMERINTAHAN,UGM (YOGYAKARTA),622
TEKNIK LINGKUNGAN,UNDIP (SEMARANG),622
TEKNOLOGI PANGAN,UNDIP (SEMARANG),622
TEKNIK INFORMATIKA,UNESA (SURABAYA),622
EKONOMI PEMBANGUNAN,UNIVERSITAS BRAWIJAYA MALANG,622
ILMU HUKUM,UNIVERSITAS BRAWIJAYA MALANG,622
PERENCANAAN WILAYAH & KOTA,UNIVERSITAS BRAWIJAYA MALANG,622
TEKNIK ELEKTRO,UNIVERSITAS BRAWIJAYA MALANG,622
TEKNIK MESIN,UNIVERSITAS BRAWIJAYA MALANG,622
AKUNTANSI,UNM (MALANG),622
MANAJEMEN,UNM (MALANG),622
ADMINISTRASI NEGARA,UNY (YOGYAKARTA),622
GEOFISIKA,INSTITUT PADJAJARAN BANDUNG,621
ILMU ADMINISTRASI BISNIS,INSTITUT PADJAJARAN BANDUNG,621
ILMU ADMINISTRASI NEGARA,INSTITUT PADJAJARAN BANDUNG,621
TEKNOLOGI INDUSTRI PERTANIAN,UGM (YOGYAKARTA),621
MATEMATIKA,UNDIP (SEMARANG),621
PSIKOLOGI,UNDIP (SEMARANG),621
ILMU POLITIK,UNIVERSITAS BRAWIJAYA MALANG,621
EKONOMI ISLAM,INSTITUT PADJAJARAN BANDUNG,620
SASTRA JEPANG,INSTITUT PADJAJARAN BANDUNG,620
TEKNIK ELEKTRO,INSTITUT PADJAJARAN BANDUNG,620
TEKNIK FISIKA,ITS,620
PEMBANGUNAN SOSIAL DAN KESEJAHTERAAN,UGM (YOGYAKARTA),620
TEKNIK MESIN,UNDIP (SEMARANG),620
TEKNIK SIPIL,UNESA (SURABAYA),620
ILMU ADMINISTRASI NEGARA,Univ. SEBELAS MARET (SOLO),620
SASTRA INGGRIS,Univ. SEBELAS MARET (SOLO),620
ILMU KEPERAWATAN,UNIVERSITAS BRAWIJAYA MALANG,620
STATISTIKA,UNIVERSITAS BRAWIJAYA MALANG,620
PENDIDIKAN SOSIOLOGI,UNM (MALANG),620
PSIKOLOGI,UNM (MALANG),620
BAHASA DAN SASTRA INGGRIS,UNY (YOGYAKARTA),620
STATISTIKA,ITS,619
EKONOMI ISLAM,UNIVERSITAS AIRLANGGA,619
HUBUNGAN MASYARAKAT,INSTITUT PADJAJARAN BANDUNG,618
KEPERAWATAN,UNDIP (SEMARANG),618
PERENCANAAN WILAYAH DAN KOTA,UNDIP (SEMARANG),618
ILMU HUKUM,Univ. SEBELAS MARET (SOLO),618
ADMINISTRASI BISNIS,UNIVERSITAS BRAWIJAYA MALANG,618
ADMINISTRASI PUBLIK,UNIVERSITAS BRAWIJAYA MALANG,618
PENDIDIKAN BAHASA INGGRIS,UNY (YOGYAKARTA),618
EKONOMI PEMBANGUNAN,UNDIP (SEMARANG),617
TEKNIK PERKAPALAN,UNDIP (SEMARANG),617
TEKNIK MESIN,Univ. SEBELAS MARET (SOLO),617
BAHASA DAN SASTRA INGGRIS,UNIVERSITAS AIRLANGGA,617
ARSITEKTUR,UNIVERSITAS BRAWIJAYA MALANG,617
SOSIOLOGI,UNIVERSITAS BRAWIJAYA MALANG,617
BAHASA DAN SASTRA INGGRIS,UNM (MALANG),617
TEKNIK PERTAMBANGAN,UPN YOGYAKARTA,617
BAHASA DAN KEBUDAYAAN KOREA,UGM (YOGYAKARTA),616
KEDOKTERAN HEWAN,UGM (YOGYAKARTA),616
TEKNIK MESIN,UNESA (SURABAYA),616
BAHASA DAN KEBUDAYAAN KOREA,UNIVERSITAS INDONESIA,616
EKONOMI DAN STUDI PEMBANGUNAN,UNM (MALANG),616
TEKNIK PERMINYAKAN,UPN YOGYAKARTA,616
PERENCANAAN WILAYAH DAN KOTA,ITS,615
TEKNIK LINGKUNGAN,ITS,615
PENDIDIKAN INFORMATIKA,TRUNOJOYO MADURA,615
TEKNIK INFORMATIKA,TRUNOJOYO MADURA,615
MANAJEMEN,UIN SUNAN AMPEL SURABAYA,615
GIZI,UNDIP (SEMARANG),615
KESEHATAN MASYARAKAT,UNDIP (SEMARANG),615
SISTEM INFORMASI,UNESA (SURABAYA),615
TEKNIK GEOLOGI,UPN YOGYAKARTA,615
AGRIBISNIS,INSTITUT PADJAJARAN BANDUNG,614
AGROTEKNOLOGI,INSTITUT PADJAJARAN BANDUNG,614
FISIKA,INSTITUT PADJAJARAN BANDUNG,614
ILMU KEPERAWATAN,INSTITUT PADJAJARAN BANDUNG,614
KEDOKTERAN HEWAN,INSTITUT PADJAJARAN BANDUNG,614
DESAIN KOMUNIKASI VISUAL,ITS,614
TEKNIK GEOMATIKA,ITS,614
TEKNIK INDUSTRI,TRUNOJOYO MADURA,614
TEKNIK PERTANIAN,UGM (YOGYAKARTA),614
TEKNIK ELEKTRO,UNESA (SURABAYA),614
PERENCANAAN WILAYAH DAN KOTA (PWK),Univ. SEBELAS MARET (SOLO),614
ILMU ADMINISTRASI NEGARA,UNIVERSITAS AIRLANGGA,614
TEKNOLOGI INFORMASI,UNIVERSITAS BRAWIJAYA MALANG,614
TEKNIK ELEKTRO,UNM (MALANG),614
TEKNIK INFORMATIKA,UNM (MALANG),614
TEKNIK SIPIL,UNM (MALANG),614
BIOLOGI,INSTITUT PADJAJARAN BANDUNG,613
TEKNIK PERTANIAN,INSTITUT PADJAJARAN BANDUNG,613
TEKNIK ELEKTRO,TRUNOJOYO MADURA,613
EKONOMI PERTANIAN DAN AGRIBISNIS,UGM (YOGYAKARTA),613
TEKNIK FISIKA,UGM (YOGYAKARTA),613
FARMASI,UIN MALANG,613
AKUNTANSI,UIN SUNAN AMPEL SURABAYA,613
HUBUNGAN INTERNASIONAL,UIN SUNAN AMPEL SURABAYA,613
HUKUM,UNDIP (SEMARANG),613
P. BAHASA INGGRIS,UNESA (SURABAYA),613
TEKNIK KOMPUTER,UNIVERSITAS BRAWIJAYA MALANG,613
TEKNIK INDUSTRI,UNM (MALANG),613
TEKNIK GEOFISIKA,ITS,612
AGRONOMI,UGM (YOGYAKARTA),612
AKUNTANSI,UIN MALANG,612
ADMINISTRASI BISNIS,UNDIP (SEMARANG),612
TEKNIK SIPIL,UPN JAWA TIMUR,612
TEKNIK INFORMATIKA,UPN YOGYAKARTA,612
MANAJEMEN,UIN MALANG,611
STATISTIKA,UNDIP (SEMARANG),611
MATEMATIKA,Univ. SEBELAS MARET (SOLO),611
GIZI,UNIVERSITAS AIRLANGGA,611
KESEHATAN MASYARAKAT,UNIVERSITAS AIRLANGGA,611
ILMU KELAUTAN,INSTITUT PADJAJARAN BANDUNG,610
ILMU PEMERINTAHAN,INSTITUT PADJAJARAN BANDUNG,610
PERIKANAN,INSTITUT PADJAJARAN BANDUNG,610
MATEMATIKA,ITS,610
PSIKOLOGI,UIN MALANG,610
ILMU KOMUNIKASI,UIN SUNAN AMPEL SURABAYA,610
PSIKOLOGI,UIN SUNAN AMPEL SURABAYA,610
TEKNIK ELEKTRO,UNEJ (JEMBER),610
INSTRUMENTASI,UNIVERSITAS BRAWIJAYA MALANG,610
INFORMATIKA,UPN JAWA TIMUR,610
SOSIOLOGI,INSTITUT PADJAJARAN BANDUNG,609
TEKNIK PERKAPALAN,ITS,609
HIGIENE GIGI,UGM (YOGYAKARTA),609
ILMU EKONOMI,UIN SUNAN AMPEL SURABAYA,609
ILMU ADMINISTRASI NEGARA,UNESA (SURABAYA),609
PENDIDIKAN BAHASA INGGRIS,Univ. SEBELAS MARET (SOLO),609
TEKNIK GEOFISIKA,UNIVERSITAS BRAWIJAYA MALANG,609
TEKNOLOGI INFORMASI,UIN WALI SONGO YOGYAKARTA,608
HUBUNGAN INTERNASIONAL,UNEJ (JEMBER),608
TEKNOLOGI INFORMASI,UNEJ (JEMBER),608
ILMU GIZI,UNIVERSITAS BRAWIJAYA MALANG,608
MATEMATIKA,UNIVERSITAS BRAWIJAYA MALANG,608
MANAJEMEN,UIN WALI SONGO YOGYAKARTA,607
TEKNIK PERTAMBANGAN,UNEJ (JEMBER),607
SOSIOLOGI,UNIVERSITAS AIRLANGGA,607
SASTRA INGGRIS,UNESA (SURABAYA),606
DESAIN KOMUNIKASI VISUAL,Univ. SEBELAS MARET (SOLO),606
STUDI KEJEPANGAN,UNIVERSITAS AIRLANGGA,606
SASTRA INGGRIS,UNIVERSITAS BRAWIJAYA MALANG,606
AKUNTANSI,UPN JAWA TIMUR,606
TEKNIK KIMIA,UPN YOGYAKARTA,606
AKUNTANSI,TRUNOJOYO MADURA,605
AKUNTANSI,UNEJ (JEMBER),605
TEKNIK MESIN,UNEJ (JEMBER),605
TEKNIK PERMINYAKAN,UNEJ (JEMBER),605
SASTRA JEPANG,UNIVERSITAS BRAWIJAYA MALANG,605
ARSITEKTUR,UNIVERSITAS INDONESIA,605
ILMU KESEJAHTERAAN SOSIAL,UNIVERSITAS INDONESIA,605
ARSITEKTUR,UPN JAWA TIMUR,605
TEKNIK GEOFISIKA,UPN YOGYAKARTA,605
MANAJEMEN HUTAN,IPB (BOGOR),604
MATEMATIKA,UNIVERSITAS AIRLANGGA,604
STATISTIKA,UNIVERSITAS AIRLANGGA,604
PENDIDIKAN DOKTER HEWAN,UNIVERSITAS BRAWIJAYA MALANG,604
TEKNIK MESIN,UNM (MALANG),604
TEKNIK INDUSTRI,UPN YOGYAKARTA,604
TEKNIK LINGKUNGAN,UPN YOGYAKARTA,604
MANAJEMEN,TRUNOJOYO MADURA,603
TEKNIK MESIN,TRUNOJOYO MADURA,603
ARSITEKTUR,UIN SUNAN AMPEL SURABAYA,603
HUKUM,UIN SUNAN AMPEL SURABAYA,603
TEKNIK LINGKUNGAN,UNEJ (JEMBER),603
TEKNIK SIPIL,UNEJ (JEMBER),603
ILMU HUKUM,UNESA (SURABAYA),603
SASTRA INDONESIA,Univ. SEBELAS MARET (SOLO),603
SOSIOLOGI,Univ. SEBELAS MARET (SOLO),603
STATISTIKA,Univ. SEBELAS MARET (SOLO),603
MANAJEMEN SUMBERDAYA PERAIRAN,UNIVERSITAS BRAWIJAYA MALANG,603
SISTEM INFORMASI,UNIVERSITAS BRAWIJAYA MALANG,603
BISNIS ISLAM,UNIVERSITAS INDONESIA,603
DESAIN KOMUNIKASI VISUAL,UNM (MALANG),603
TEKNOLOGI INDUSTRI PERTANIAN,INSTITUT PADJAJARAN BANDUNG,602
ILMU KELUARGA DAN KONSUMEN,IPB (BOGOR),602
TEKNOLOGI PANGAN,IPB (BOGOR),602
BAHASA DAN SASTRA INGGRIS,UIN MALANG,602
BIOLOGI,UNDIP (SEMARANG),602
FISIKA,UNDIP (SEMARANG),602
ILMU KEPERAWATAN,UNEJ (JEMBER),602
AGRIBISNIS,Univ. SEBELAS MARET (SOLO),602
AGROTEKNOLOGI / AGROEKOTEKNOLOGI,Univ. SEBELAS MARET (SOLO),602
ILMU POLITIK,UNIVERSITAS INDONESIA,602
BAHASA. DAN SASTRA INDONESIA,UNY (YOGYAKARTA),602
ILMU HUBUNGAN INTERNASIONAL,UPN JAWA TIMUR,602
SASTRA JERMAN,INSTITUT PADJAJARAN BANDUNG,601
EKONOMI SUMBERDAYA DAN LINGKUNGAN,IPB (BOGOR),601
DESAIN INTERIOR,ITS,601
BAHASA DAN KEBUDAYAAN JEPANG,UNDIP (SEMARANG),601
KIMIA,UNDIP (SEMARANG),601
SASTRA INGGRIS,UNDIP (SEMARANG),601
GIZI,UNEJ (JEMBER),601
P. BAHASA JEPANG,UNESA (SURABAYA),601
ILMU DAN TEKNOLOGI PANGAN,Univ. SEBELAS MARET (SOLO),601
KEBIDANAN,UNIVERSITAS AIRLANGGA,601
TEKNOLOGI INDUSTRI PERTANIAN,UNIVERSITAS BRAWIJAYA MALANG,601
GEOLOGI,UNIVERSITAS INDONESIA,601
ILMU KEPERAWATAN,UNIVERSITAS INDONESIA,601
GEOGRAFI,UNM (MALANG),601
TEKNIK MANUFAKTUR,UNY (YOGYAKARTA),601
ILMU KESEJAHTERAAN SOSIAL,INSTITUT PADJAJARAN BANDUNG,600
ILMU PETERNAKAN,INSTITUT PADJAJARAN BANDUNG,600
ILMU SEJARAH,INSTITUT PADJAJARAN BANDUNG,600
SASTRA INDONESIA,INSTITUT PADJAJARAN BANDUNG,600
TEKNIK PERTANIAN DAN BIOSISTEM,IPB (BOGOR),600
TEKNOLOGI HASIL HUTAN,IPB (BOGOR),600
PSIKOLOGI,TRUNOJOYO MADURA,600
ILMU KEPERAWATAN,UGM (YOGYAKARTA),600
ILMU POLITIK,UIN SUNAN AMPEL SURABAYA,600
ADMINISTRASI PUBLIK,UNDIP (SEMARANG),600
AGRIBISNIS,UNDIP (SEMARANG),600
ILMU PEMERINTAHAN,UNDIP (SEMARANG),600
GIZI,UNESA (SURABAYA),600
ILMU TANAH,Univ. SEBELAS MARET (SOLO),600
TEKNIK LINGKUNGAN,UNIVERSITAS AIRLANGGA,600
ILMU DAN TEKNOLOGI PANGAN,UNIVERSITAS BRAWIJAYA MALANG,600
KEBIDANAN,UNIVERSITAS BRAWIJAYA MALANG,600
ILMU PERPUSTAKAAN,UNIVERSITAS INDONESIA,600
BAHASA DAN SASTRA INDONESIA,UNM (MALANG),600
PEND. BAHASA, SASTRA INDONESIA & DAERAH,UNM (MALANG),600
ILMU KOMUNIKASI,UPN JAWA TIMUR,600
TEKNIK INDUSTRI,UPN JAWA TIMUR,600
TEKNIK KIMIA,UPN JAWA TIMUR,600
TEKNIK KELAUTAN,ITS,599
TEKNIK SISTEM PERKAPALAN,ITS,599
ILMU KOMUNIKASI,TRUNOJOYO MADURA,599
ILMU TANAH,UGM (YOGYAKARTA),599
BIOTEKNOLOGI,UNDIP (SEMARANG),599
ILMU KELAUTAN,UNDIP (SEMARANG),599
MANAJEMEN SUMBERDAYA PERAIRAN,UNDIP (SEMARANG),599
PETERNAKAN,UNDIP (SEMARANG),599
FISIKA,Univ. SEBELAS MARET (SOLO),599
KIMIA,Univ. SEBELAS MARET (SOLO),599
BIOLOGI,UNIVERSITAS BRAWIJAYA MALANG,599
BUDIDAYA PERAIRAN,UNIVERSITAS BRAWIJAYA MALANG,599
TEKNIK LINGKUNGAN,UNIVERSITAS BRAWIJAYA MALANG,599
ANTROPOLOGI SOSIAL,UNIVERSITAS INDONESIA,599
STATISTIKA,UNY (YOGYAKARTA),599
SISTEM INFORMASI,UPN JAWA TIMUR,599
TEKNIK LINGKUNGAN,UPN JAWA TIMUR,599
SISTEM INFORMASI,UPN YOGYAKARTA,599
FISIKA,IPB (BOGOR),598
TEKNOLOGI INDUSTRI PERTANIAN,IPB (BOGOR),598
PROTEKSI TANAMAN (ILMU HAMA DAN PENYAKIT TUMBUHAN),UGM (YOGYAKARTA),598
AGROEKOTEKNOLOGI,UNDIP (SEMARANG),598
SASTRA INDONESIA,UNDIP (SEMARANG),598
TEKNIK KONSTRUKSI PERKAPALAN,UNEJ (JEMBER),598
BIOLOGI,Univ. SEBELAS MARET (SOLO),598
ILMU SEJARAH,Univ. SEBELAS MARET (SOLO),598
PENYULUHAN DAN KOMUNIKASI PERTANIAN,Univ. SEBELAS MARET (SOLO),598
PETERNAKAN,Univ. SEBELAS MARET (SOLO),598
KIMIA,UNIVERSITAS AIRLANGGA,598
KIMIA,UNIVERSITAS BRAWIJAYA MALANG,598
ARKEOLOGI INDONESIA,UNIVERSITAS INDONESIA,598
DESAIN KOMUNIKASI VISUAL,UPN JAWA TIMUR,598
TEKNOLOGI PANGAN,UPN JAWA TIMUR,598
BIOLOGI,IPB (BOGOR),597
FISIKA,ITS,597
OCEANOGRAFI,UNDIP (SEMARANG),597
PENDIDIKAN TEKNIK INFORMATIKA & KOMPUTER,Univ. SEBELAS MARET (SOLO),597
FISIKA,UNIVERSITAS BRAWIJAYA MALANG,597
PERPAJAKAN,UNIVERSITAS BRAWIJAYA MALANG,597
KIMIA,IPB (BOGOR),596
BIOLOGI,ITS,596
KIMIA,ITS,596
MANAJEMEN,UNEJ (JEMBER),596
AGRIBISNIS,UPN YOGYAKARTA,596
METALURGI,UPN YOGYAKARTA,596
SASTRA PERANCIS,INSTITUT PADJAJARAN BANDUNG,595
BIOLOGI,UGM (YOGYAKARTA),595
KARTOGRAFI DAN PENGINDERAAN JAUH,UGM (YOGYAKARTA),595
SISTEM INFORMASI,UNEJ (JEMBER),595
BIOLOGI,UNIVERSITAS INDONESIA,595
TEKNOLOGI HASIL PERAIRAN,IPB (BOGOR),594
GEOGRAFI LINGKUNGAN,UGM (YOGYAKARTA),594
PEMBANGUNAN WILAYAH,UGM (YOGYAKARTA),594
PENDIDIKAN MATEMATIKA,Univ. SEBELAS MARET (SOLO),594
BAHASA DAN SASTRA INDONESIA,UNIVERSITAS AIRLANGGA,594
EKONOMI ISLAM,UNIVERSITAS BRAWIJAYA MALANG,594
GEOGRAFI,UNIVERSITAS INDONESIA,594
ILMU FILSAFAT,UNIVERSITAS INDONESIA,594
ILMU KESEHATAN MASYARAKAT,UNIVERSITAS INDONESIA,594
SASTRA ARAB,UNIVERSITAS INDONESIA,594
SASTRA BELANDA,UNIVERSITAS INDONESIA,594
SASTRA DAERAH UNTUK SASTRA JAWA,UNIVERSITAS INDONESIA,594
SASTRA RUSIA,UNIVERSITAS INDONESIA,594
AKUAKULTUR,UNDIP (SEMARANG),593
ILMU INFORMASI DAN PERPUSTAKAAN,UNIVERSITAS AIRLANGGA,593
PENDIDIKAN BAHASA INGGRIS,UNM (MALANG),593
MANAJEMEN,UPN JAWA TIMUR,593
TEKNIK GEOMATIKA,UPN YOGYAKARTA,593
TEKNOLOGI HASIL TERNAK,IPB (BOGOR),592
SASTRA CINA,UNIVERSITAS INDONESIA,592
TEKNOLOGI PRODUKSI TERNAK,IPB (BOGOR),591
BAHASA DAN SASTRA INDONESIA,UGM (YOGYAKARTA),591
SASTRA JAWA,UGM (YOGYAKARTA),591
ILMU POLITIK,UNIVERSITAS AIRLANGGA,591
SASTRA INDONESIA,UNIVERSITAS INDONESIA,591
SASTRA ARAB,INSTITUT PADJAJARAN BANDUNG,590
SASTRA RUSIA,INSTITUT PADJAJARAN BANDUNG,590
ARSITEKTUR LANSEKAP,IPB (BOGOR),590
ANTROPOLOGI BUDAYA,UGM (YOGYAKARTA),590
ARKEOLOGI,UGM (YOGYAKARTA),590
FILSAFAT,UGM (YOGYAKARTA),590
SASTRA PRANCIS,UGM (YOGYAKARTA),590
TEKNIK INFORMATIKA,UIN MALANG,590
PERIKANAN TANGKAP,UNDIP (SEMARANG),590
SASTRA INGGRIS,UNEJ (JEMBER),590
PENDIDIKAN FISIKA,Univ. SEBELAS MARET (SOLO),590
PENDIDIKAN TEKNIK MESIN,Univ. SEBELAS MARET (SOLO),590
FISIKA,UNIVERSITAS AIRLANGGA,590
PENDIDIKAN BAHASA INGGRIS,UNIVERSITAS BRAWIJAYA MALANG,590
TEKNIK PENGAIRAN,UNIVERSITAS BRAWIJAYA MALANG,590
ILMU SEJARAH,UNIVERSITAS INDONESIA,590
SASTRA JERMAN,UNIVERSITAS INDONESIA,590
SASTRA PERANCIS,UNIVERSITAS INDONESIA,590
AGRIBISNIS,IPB (BOGOR),589
TEKNIK MEKATRONIKA,TRUNOJOYO MADURA,589
AKUAKULTUR (BUDIDAYA PERIKANAN),UGM (YOGYAKARTA),589
MANAJEMEN SUMBERDAYA AKUATIK (MANAJEMEN SUMBER DAYA PERIKANAN),UGM (YOGYAKARTA),589
MIKROBIOLOGI PERTANIAN,UGM (YOGYAKARTA),589
SEJARAH,UGM (YOGYAKARTA),589
TEKNOLOGI HASIL PERIKANAN,UGM (YOGYAKARTA),589
PENDIDIKAN BAHASA INGGRIS,UNEJ (JEMBER),589
PENDIDIKAN KIMIA,Univ. SEBELAS MARET (SOLO),589
PENDIDIKAN TEKNIK BANGUNAN,Univ. SEBELAS MARET (SOLO),589
KEDOKTERAN HEWAN,UNIVERSITAS AIRLANGGA,589
PENDIDIKAN BAHASA JEPANG,UNIVERSITAS BRAWIJAYA MALANG,589
SASTRA SUNDA,INSTITUT PADJAJARAN BANDUNG,588
TEK. SIST PERKAPALAN (GLR GANDA ITS-JERMAN),ITS,588
TEKNIK TRANSPORTASI LAUT,ITS,588
EKONOMI PEMBANGUNAN,TRUNOJOYO MADURA,588
PENYULUHAN DAN KOMUNIKASI PERTANIAN,UGM (YOGYAKARTA),588
PERPUSTAKAAN DAN ILMU INFORMASI,UIN MALANG,588
SASTRA JERMAN,UNESA (SURABAYA),588
EKONOMI, KEUANGAN DAN PERBANKAN,UNIVERSITAS BRAWIJAYA MALANG,588
AGROTEKNOLOGI,UPN YOGYAKARTA,588
ILMU PERPUSTAKAAN,INSTITUT PADJAJARAN BANDUNG,587
KOMUNIKASI DAN PENGEMBANGAN MASYARAKAT,IPB (BOGOR),587
DESAIN PRODUK INDUSTRI,ITS,587
SASTRA ARAB,UGM (YOGYAKARTA),587
TEKNOLOGI HASIL PERIKANAN,UNDIP (SEMARANG),587
DESAIN KOMUNIKASI VISUAL,UNESA (SURABAYA),587
PEND. BAHASA MANDARIN,UNESA (SURABAYA),587
AGRIBISNIS,UPN JAWA TIMUR,587
EKONOMI PEMBANGUNAN,UNEJ (JEMBER),586
KESEHATAN MASYARAKAT,UNEJ (JEMBER),586
PENDIDIKAN BIOLOGI,Univ. SEBELAS MARET (SOLO),586
ANTROPOLOGI,UNIVERSITAS AIRLANGGA,586
ILMU SEJARAH,UNIVERSITAS AIRLANGGA,586
KEDOKTERAN HEWAN (PSDKU BANYUWANGI),UNIVERSITAS AIRLANGGA,586
ILMU TANAH,UPN YOGYAKARTA,586
GEOFISIKA,UGM (YOGYAKARTA),585
EKONOMI SYARIAH,UNDIP (SEMARANG),585
SASTRA INDONESIA,UNEJ (JEMBER),585
PENDIDIKAN AKUNTANSI,Univ. SEBELAS MARET (SOLO),585
BIOLOGI,UNIVERSITAS AIRLANGGA,585
KEPERAWATAN,UNIVERSITAS AIRLANGGA,585
GEOFISIKA,UNIVERSITAS INDONESIA,585
KIMIA,UGM (YOGYAKARTA),584
AKUAKULTUR (PSDKU BANYUWANGI),UNIVERSITAS AIRLANGGA,584
KESEHATAN MASYARAKAT (PSDKU BANYUWANGI),UNIVERSITAS AIRLANGGA,584
TEKNOLOGI HASIL PERIKANAN,UNIVERSITAS AIRLANGGA,584
PEMANFAATAN SUMBERDAYA PERIKANAN,UNIVERSITAS BRAWIJAYA MALANG,584
KIMIA,UNIVERSITAS INDONESIA,584
ILMU DAN INDUSTRI PETERNAKAN,UGM (YOGYAKARTA),583
EKONOMI PEMBANGUNAN,UPN JAWA TIMUR,583
HUKUM,UPN JAWA TIMUR,583
SEJARAH,UNDIP (SEMARANG),582
PERENCANAAN WILAYAH DAN KOTA,UNEJ (JEMBER),582
ANTROPOLOGI SOSIAL,UNDIP (SEMARANG),581
PENGELOLAAN HUTAN,Univ. SEBELAS MARET (SOLO),581
ADMINISTRASI BISNIS PSDKU PANGANDARAN,INSTITUT PADJAJARAN BANDUNG,580
TELEVISI DAN FILM,INSTITUT PADJAJARAN BANDUNG,580
ADMINISTRASI PUBLIK,UPN JAWA TIMUR,580
ILMU DAN TEKNOLOGI KELAUTAN,IPB (BOGOR),579
KONSERVASI SUMBERDAYAHUTAN& EKOWISATA,IPB (BOGOR),579
MANAJEMEN SUMBERDAYA LAHAN,IPB (BOGOR),579
SASTRA INDONESIA,UIN SUNAN AMPEL SURABAYA,579
PSIKOLOGI,UIN WALI SONGO YOGYAKARTA,579
ILMU PERPUSTAKAAN,UNDIP (SEMARANG),579
ILMU ADMINISTRASI NEGARA,UNEJ (JEMBER),579
KURIKULUM DAN TEKNOLOGI PENDIDIKAN,UNESA (SURABAYA),579
SASTRA INDONESIA,UNESA (SURABAYA),579
DESAIN INTERIOR,Univ. SEBELAS MARET (SOLO),579
PENDIDIKAN ADMINISTRASI PERKANTORAN,Univ. SEBELAS MARET (SOLO),579
PENDIDIKAN BHS & SASTRA INDONESIA,UNIVERSITAS BRAWIJAYA MALANG,579
TEKNOLOGI PENDIDIKAN,UNY (YOGYAKARTA),579
ADMINISTRASI BISNIS,UPN JAWA TIMUR,579
ETEOROLOGI TERAPAN,IPB (BOGOR),578
EKONOMI ISLAM,UNESA (SURABAYA),578
ILMU LINGKUNGAN,Univ. SEBELAS MARET (SOLO),578
AGROTEKNOLOGI,UPN JAWA TIMUR,578
ANTROPOLOGI,INSTITUT PADJAJARAN BANDUNG,577
TEKNIK ARSITEKTUR,UIN MALANG,577
ILMU HUKUM,UNEJ (JEMBER),577
PENDIDIKAN BAHASA DAN SASTRA INDONESIA,TRUNOJOYO MADURA,576
MATEMATIKA,UNESA (SURABAYA),576
PENDIDIKAN IPA,Univ. SEBELAS MARET (SOLO),576
ANTROPOLOGI,UNIVERSITAS BRAWIJAYA MALANG,574
TEKNOLOGI & MANAJEMEN PERIKANAN TANGKAP,IPB (BOGOR),573
PARIWISATA,UNIVERSITAS BRAWIJAYA MALANG,573
TEKNOLOGI HASIL PERIKANAN,UNIVERSITAS BRAWIJAYA MALANG,573
KESELAMATAN DAN KESEHATAN KERJA,UNIVERSITAS INDONESIA,573
ILMU SEJARAH,UNY (YOGYAKARTA),573
SASTRA INGGRIS,TRUNOJOYO MADURA,572
ILMU HUKUM,TRUNOJOYO MADURA,571
FISIKA,UNESA (SURABAYA),570
PENDIDIKAN TEKNIK INFORMATIKA,UNY (YOGYAKARTA),570
EKONOMI SYARIAH,IPB (BOGOR),569
MANAJEMEN SUMBERDAYA PERAIRAN,IPB (BOGOR),569
NUTRISI DAN TEKNOLOGI PAKAN,IPB (BOGOR),569
SILVIKULTUR,IPB (BOGOR),569
TEKNOLOGI & MANAJEMEN PERIKANAN BUDIDAYA,IPB (BOGOR),569
SASTRA DAERAH UNTUK SASTRA JAWA,Univ. SEBELAS MARET (SOLO),569
AKUAKULTUR,UNIVERSITAS AIRLANGGA,569
MATEMATIKA,UNM (MALANG),569
SOSIOLOGI,UIN SUNAN AMPEL SURABAYA,568
ILMU POLITIK,UIN WALI SONGO YOGYAKARTA,568
ILMU ADMINISTRASI BISNIS,UNEJ (JEMBER),568
PEND. FISIKA,UNESA (SURABAYA),568
PEND. KIMIA,UNESA (SURABAYA),568
PENDIDIKAN TEKNOLOGI INFORMASI,UNESA (SURABAYA),568
SOSIOLOGI,UNESA (SURABAYA),568
MATEMATIKA,UNY (YOGYAKARTA),568
PROTEKSI TANAMAN,IPB (BOGOR),567
ILMU HUKUM,UIN WALI SONGO YOGYAKARTA,567
BIOLOGI,UNESA (SURABAYA),567
KIMIA,UNESA (SURABAYA),567
PEND. BIOLOGI,UNESA (SURABAYA),567
ILMU KESEHATAN MASYARAKAT,UNM (MALANG),567
BIOLOGI,UNY (YOGYAKARTA),567
FISIKA,UNY (YOGYAKARTA),567
AGRONOMI DAN HORTIKULTURA,IPB (BOGOR),566
BIOKIMIA,IPB (BOGOR),566
PEND. SAINS,UNESA (SURABAYA),566
KIMIA,UNY (YOGYAKARTA),566
PENDIDIKAN BIOLOGI,UNY (YOGYAKARTA),566
PENDIDIKAN FISIKA,UNY (YOGYAKARTA),566
PENDIDIKAN MATEMATIKA,UNY (YOGYAKARTA),566
PENDIDIKAN TEKNIK MEKATRONIKA,UNY (YOGYAKARTA),566
SOSIOLOGI,UNEJ (JEMBER),565
FISIKA,UNIVERSITAS INDONESIA,565
PENDIDIKAN TEKNIK INFORMATIKA,UNM (MALANG),565
BISNIS,IPB (BOGOR),564
FISIKA,UGM (YOGYAKARTA),564
PEND. TEKNIK MESIN,UNESA (SURABAYA),564
KESEHATAN LINGKUNGAN,UNIVERSITAS INDONESIA,564
TEKNOLOGI BIOPRES,UNIVERSITAS INDONESIA,564
PENDIDIKAN TEKNIK MESIN,UNM (MALANG),564
PENDIDIKAN TEKNIK OTOMOTIF,UNM (MALANG),564
PENDIDIKAN TEKNIK ELEKTRONIKA,UNY (YOGYAKARTA),564
PENDIDIKAN TEKNIK MESIN,UNY (YOGYAKARTA),564
PEND. MATEMATIKA,UNESA (SURABAYA),563
PEND. TEKNIK BANGUNAN,UNESA (SURABAYA),563
PEND. TEKNIK ELEKTRO,UNESA (SURABAYA),563
SASTRA ARAB,Univ. SEBELAS MARET (SOLO),563
AGROBISNIS PERIKANAN,UNIVERSITAS BRAWIJAYA MALANG,563
ILMU PEMERINTAHAN,UNIVERSITAS BRAWIJAYA MALANG,563
ILMU PERPUSTAKAAN,UNIVERSITAS BRAWIJAYA MALANG,563
TEKNOLOGI BIOPROSES,UNIVERSITAS BRAWIJAYA MALANG,563
PENDIDIKAN MATEMATIKA,UNM (MALANG),563
PENDIDIKAN TEKNIK ELEKTRO,UNY (YOGYAKARTA),563
PENDIDIKAN TEKNIK OTOMOTIF,UNY (YOGYAKARTA),563
BIOTEKNOLOGI,UNIVERSITAS BRAWIJAYA MALANG,562
PENDIDIKAN TEKNOLOGI INFORMASI,UNIVERSITAS BRAWIJAYA MALANG,562
PENDIDIKAN TEKNIK BANGUNAN,UNM (MALANG),562
PENDIDIKAN TEKNIK ELEKTRO,UNM (MALANG),562
PENDIDIKAN TEKNIK SIPIL & PERENCANAAN,UNY (YOGYAKARTA),562
MATEMATIKA,UIN SUNAN AMPEL SURABAYA,561
TEKNIK PERTANIAN,UNIVERSITAS BRAWIJAYA MALANG,561
ILMU KEOLAHRAGAAN,UNY (YOGYAKARTA),561
ILMU KEOLAHRAGAAN,UNESA (SURABAYA),560
PENDIDIKAN IPA,UNY (YOGYAKARTA),560
TELEVISI & FILM,UNEJ (JEMBER),559
PEND. AKUNTANSI,UNESA (SURABAYA),559
BAHASA DAN SASTRA PRANCIS,UNIVERSITAS BRAWIJAYA MALANG,559
PENDIDIKAN FISIKA,UNM (MALANG),559
PENDIDIKAN BAHASA PRANCIS,UNY (YOGYAKARTA),559
PENDIDIKAN BAHASA JERMAN,UNY (YOGYAKARTA),558
SOSIOLOGI,TRUNOJOYO MADURA,557
PENDIDIKAN KIMIA,UNM (MALANG),557
PENDIDIKAN KIMIA,UNY (YOGYAKARTA),557
PENDIDIKAN BIOLOGI,UNM (MALANG),556
MATEMATIKA,UIN MALANG,554
KIMIA,UNM (MALANG),554
KIMIA,UIN MALANG,553
GIZI,UIN WALI SONGO YOGYAKARTA,553
FISIKA,UNEJ (JEMBER),553
P. BAHASA JERMAN,UNESA (SURABAYA),553
SOSIOLOGI,UIN WALI SONGO YOGYAKARTA,552
BIOLOGI,UNM (MALANG),552
FISIKA,UNM (MALANG),552
PENDIDIKAN LUAR BIASA,UNM (MALANG),551
SASTRA CINA,UNIVERSITAS BRAWIJAYA MALANG,550
BIMBINGAN & KONSELING,UNY (YOGYAKARTA),550
MATEMATIKA,UNEJ (JEMBER),549
TEKNIK PERTANIAN,UNEJ (JEMBER),549
ADMINISTRASI PENDIDIKAN,UNIVERSITAS BRAWIJAYA MALANG,549
PENDIDIKAN ILMU PENGETAHUAN ALAM,UNM (MALANG),549
TEKNOLOGI HASIL PERTANIAN,UNEJ (JEMBER),548
TEKNOLOGI INDUSTRI PERTANIAN,UNEJ (JEMBER),548
SASTRA INGGRIS,UIN SUNAN AMPEL SURABAYA,547
MATEMATIKA,UIN WALI SONGO YOGYAKARTA,547
AGRIBISNIS,UNEJ (JEMBER),547
PENDIDIKAN EKONOMI,Univ. SEBELAS MARET (SOLO),546
BIOLOGI,UIN MALANG,545
SISTEM INFORMASI,UIN SUNAN AMPEL SURABAYA,545
AGRONOMI,UNEJ (JEMBER),545
AGROTEKNOLOGI / AGROEKOTEKNOLOGI,UNEJ (JEMBER),545
ILMU PERTANIAN,UNEJ (JEMBER),545
BIMBINGAN DAN KONSELING,Univ. SEBELAS MARET (SOLO),545
TEKNIK LINGKUNGAN,UIN SUNAN AMPEL SURABAYA,544
PETERNAKAN,UNEJ (JEMBER),544
PEND. GURU SEKOLAH DASAR (PGSD) SURAKARTA,Univ. SEBELAS MARET (SOLO),544
KIMIA,UIN WALI SONGO YOGYAKARTA,543
BIOLOGI,UNEJ (JEMBER),543
PGSD,UNESA (SURABAYA),543
PENDIDIKAN SENI RUPA,Univ. SEBELAS MARET (SOLO),543
BIOLOGI,UIN WALI SONGO YOGYAKARTA,542
FISIKA,UIN WALI SONGO YOGYAKARTA,542
MANAJEMEN PENDIDIKAN,UNESA (SURABAYA),542
PEND. PANCASILA DAN KEWARGANEGARAAN,UNESA (SURABAYA),542
PEND. GURU SEKOLAH DASAR (PGSD) KEBUMEN,Univ. SEBELAS MARET (SOLO),542
PENDIDIKAN GEOGRAFI,Univ. SEBELAS MARET (SOLO),542
PENDIDIKAN LUAR BIASA (PENDIDIKAN KHUSUS),Univ. SEBELAS MARET (SOLO),542
PENDIDIKAN SEJARAH,Univ. SEBELAS MARET (SOLO),542
PENDIDIKAN SOSIOLOGI ANTROPOLOGI,Univ. SEBELAS MARET (SOLO),542
PENDIDIKAN BAHASA MANDARIN,UNM (MALANG),542
MANAJEMEN PENDIDIKAN,UNY (YOGYAKARTA),542
PENDIDIKAN KEWARGANEGARAAN,UNY (YOGYAKARTA),542
ILMU TANAH,UNEJ (JEMBER),541
PENDIDIKAN IPA,UNEJ (JEMBER),541
PROTEKSI TANAMAN,UNEJ (JEMBER),541
PEND. JASMANI, KESEHATAN DAN REKREASI,UNESA (SURABAYA),541
PEND. KEPELATIHAN OLAHRAGA,UNESA (SURABAYA),541
PG-PAUD,UNESA (SURABAYA),541
KRIYA SENI (DESAIN TEKSTIL),Univ. SEBELAS MARET (SOLO),541
PEND. PANCASILA & KEWARGANEGARAAN (PPKN),Univ. SEBELAS MARET (SOLO),541
PENDIDIKAN JASMANI, KESEHATAN & REKREASI,Univ. SEBELAS MARET (SOLO),541
PENDIDIKAN KEPELATIHAN OLAHRAGA,Univ. SEBELAS MARET (SOLO),541
PENDIDIKAN AKUNTANSI,UNM (MALANG),541
PENDIDIKAN AKUNTANSI,UNY (YOGYAKARTA),541
PENDIDIKAN JASMANI KESEHATAN DAN REKREASI,UNY (YOGYAKARTA),541
PENDIDIKAN KEPELATIHAN OLAHRAGA,UNY (YOGYAKARTA),541
PENDIDIKAN SEJARAH,UNY (YOGYAKARTA),541
PGSD PENDIDIKAN JASMANI,UNY (YOGYAKARTA),541
ILMU KELAUTAN,UIN SUNAN AMPEL SURABAYA,540
P. EKONOMI,UNESA (SURABAYA),540
P. GEOGRAFI,UNESA (SURABAYA),540
PEND. SEJARAH,UNESA (SURABAYA),540
PEND. BAHASA, SASTRA INDONESIA & DAERAH,Univ. SEBELAS MARET (SOLO),540
PEND. GURU PEND ANAK USIA DINI (PG-PAUD),Univ. SEBELAS MARET (SOLO),540
PENDIDIKAN BAHASA JAWA,Univ. SEBELAS MARET (SOLO),540
SENI RUPA MURNI (LUKIS, GRFS, PTNG, KRMIK),Univ. SEBELAS MARET (SOLO),540
AGRIBISNIS,UNIVERSITAS BRAWIJAYA MALANG,540
SENI RUPA MURNI,UNIVERSITAS BRAWIJAYA MALANG,540
ILMU KEOLAHRAGAAN,UNM (MALANG),540
PENDIDIKAN KEPELATIHAN OLAHRAGA,UNM (MALANG),540
PENDIDIKAN EKONOMI,UNY (YOGYAKARTA),540
PENDIDIKAN GEOGRAFI,UNY (YOGYAKARTA),540
PENDIDIKAN SOSIOLOGI,UNY (YOGYAKARTA),540
PENDIDIKAN TEKNIK BUSANA,UNY (YOGYAKARTA),540
SISTEM INFORMASI,TRUNOJOYO MADURA,539
BIOLOGI,UIN SUNAN AMPEL SURABAYA,539
PENDIDIKAN EKONOMI,UNEJ (JEMBER),539
KEWIRAUSAHAAN,UNIVERSITAS BRAWIJAYA MALANG,539
PENDIDIKAN ADMINISTRASI PERKANTORAN,UNY (YOGYAKARTA),539
PENDIDIKAN TEKNIK BOGA,UNY (YOGYAKARTA),539
KIMIA,UNEJ (JEMBER),538
PENDIDIKAN GEOGRAFI,UNEJ (JEMBER),538
PENYULUHAN PERTANIAN,UNEJ (JEMBER),538
PEND. ADM. PERKANTORAN,UNESA (SURABAYA),538
PENDIDIKAN ILMU PENGETAHUAN ALAM,TRUNOJOYO MADURA,537
PENDIDIKAN BIOLOGI,UNEJ (JEMBER),537
PENDIDIKAN FISIKA,UNEJ (JEMBER),537
PENDIDIKAN MATEMATIKA,UNEJ (JEMBER),537
PENDIDIKAN EKONOMI,UNM (MALANG),537
PENDIDIKAN TATA NIAGA,UNM (MALANG),536
PENDIDIKAN ADMINISTRASI PERKANTORAN,UNM (MALANG),535
EKONOMI SYARIAH,UNEJ (JEMBER),534
EKONOMI SYARIAH KAMPUS BONDOWOSO,UNEJ (JEMBER),534
ILMU SEJARAH,UNEJ (JEMBER),534
PENDIDIKAN BAHASA ARAB,UNM (MALANG),533
PENDIDIKAN GEOGRAFI,UNM (MALANG),533
PENDIDIKAN IPS,UNY (YOGYAKARTA),533
FISIKA,UIN MALANG,532
PEND. TATA NIAGA,UNESA (SURABAYA),532
PENDIDIKAN GURU SEKOLAH DASAR,UNM (MALANG),532
PENDIDIKAN PANCASILA DAN KEWARGANEGARAAN,UNM (MALANG),532
AGRIBISNIS (PSDKU KEDIRI),UNIVERSITAS BRAWIJAYA MALANG,531
PENDIDIKAN SEJARAH,UNM (MALANG),531
PENDIDIKAN MATEMATIKA,UIN SUNAN AMPEL SURABAYA,530
PEND. GURU SEKOLAH DASAR KAMPUS BONDOWOSO,UNEJ (JEMBER),530
PENDIDIKAN BHS. & SASTRA INDO.,UNEJ (JEMBER),530
PENDIDIKAN GURU SEKOLAH DASAR,UNEJ (JEMBER),530
PENDIDIKAN SEJARAH,UNEJ (JEMBER),530
PG PAUD,UNEJ (JEMBER),530
PSIKOLOGI PENDIDIKAN DAN BIMBINGAN,UNESA (SURABAYA),530
AGROEKOTEKNOLOGI,UNIVERSITAS BRAWIJAYA MALANG,530
PENDIDIKAN GURU PEND. ANAK USIA DINI,UNM (MALANG),530
PENDIDIKAN ILMU PENGETAHUAN SOSIAL,UNM (MALANG),530
PENDIDIKAN LUAR BIASA,UNY (YOGYAKARTA),530
ILMU KELAUTAN,TRUNOJOYO MADURA,529
MANAJEMEN SUMBERDAYA PERAIRAN,TRUNOJOYO MADURA,529
P. BAHASA DAN SASTRA INDONESIA,UNESA (SURABAYA),529
PEND. TATA BOGA,UNESA (SURABAYA),529
PENDI. LUAR BIASA,UNESA (SURABAYA),529
PENDIDIKAN LUAR SEKOLAH,UNESA (SURABAYA),529
KEBIJAKAN PENDIDIKAN,UNY (YOGYAKARTA),529
PENDIDIKAN BAHASA DAN SASTRA INDONESIA,UNY (YOGYAKARTA),529
PENDIDIKAN LUAR SEKOLAH,UNY (YOGYAKARTA),529
HUKUM BISNIS SYARIAH,TRUNOJOYO MADURA,528
PENDIDIKAN IPS,UIN MALANG,528
PENDIDIKAN LUAR SEKOLAH,UNEJ (JEMBER),528
PEND. TATA BUSANA,UNESA (SURABAYA),528
PETERNAKAN,UNIVERSITAS BRAWIJAYA MALANG,528
AGRIBISNIS,TRUNOJOYO MADURA,527
ILMU KELAUTAN,UNIVERSITAS BRAWIJAYA MALANG,527
PENDIDIKAN GURU SEKOLAH DASAR,UNY (YOGYAKARTA),527
PGSD,TRUNOJOYO MADURA,526
BIOTEKNOLOGI,UNM (MALANG),526
AGROEKOTEKNOLOGI,TRUNOJOYO MADURA,525
EKONOMI SYARIAH,TRUNOJOYO MADURA,525
TEKNOLOGI INDUSTRI PERTANIAN,TRUNOJOYO MADURA,525
ILMU KESEJAHTERAAN SOSIAL,UNEJ (JEMBER),525
PEND. TATA RIAS,UNESA (SURABAYA),525
PENDIDIKAN GURU PAUD,UNY (YOGYAKARTA),525
PENDIDIKAN BAHASA INGGRIS,UIN SUNAN AMPEL SURABAYA,524
PENDIDIKAN ILMU PENGETAHUAN ALAM,UIN SUNAN AMPEL SURABAYA,524
ILMU PERPUSTAKAAN,UNM (MALANG),524
PENDIDIKAN TATA BOGA,UNM (MALANG),524
PENDIDIKAN TATA BUSANA,UNM (MALANG),524
PENDIDIKAN GURU ANAK USIA DINI,TRUNOJOYO MADURA,523
PEND. ILMU PENGETAHUAN SOSIAL,UNESA (SURABAYA),523
PENDIDIKAN SENI KERAJINAN,UNY (YOGYAKARTA),523
SENI MUSIK,UNESA (SURABAYA),522
SENI RUPA MURNI,UNESA (SURABAYA),522
PENDIDIKAN SENI RUPA,UNY (YOGYAKARTA),522
P. SENI RUPA,UNESA (SURABAYA),521
PENDIDIKAN BAHASA JERMAN,UNM (MALANG),521
PENDIDIKAN SENI RUPA,UNM (MALANG),520
SOSIAL EKONOMI PERIKANAN (PSDKU KEDIRI),UNIVERSITAS BRAWIJAYA MALANG,519
PENDIDIKAN SENI TARI DAN MUSIK,UNM (MALANG),519
P. SENDRATASIK,UNESA (SURABAYA),516
AKUAKULTUR (PSDKU KEDIRI),UNIVERSITAS BRAWIJAYA MALANG,516
PENDIDIKAN SENI MUSIK,UNY (YOGYAKARTA),516
PENDIDIKAN SENI TARI,UNY (YOGYAKARTA),516
PETERNAKAN (PSDKU KEDIRI),UNIVERSITAS BRAWIJAYA MALANG,514
TEKNOLOGI PENDIDIKAN,UNM (MALANG),513
PENDIDIKAN BAHASA JAWA,UNY (YOGYAKARTA),511
P. BAHASA DAERAH (JAWA),UNESA (SURABAYA),510
BIMBINGAN DAN KONSELING,UNM (MALANG),510
ILMU SEJARAH,UNM (MALANG),509
PENDIDIKAN JASMANI DAN KESEHATAN,UNM (MALANG),507
PENDIDIKAN LUAR SEKOLAH,UNM (MALANG),503
ADMINISTRASI PENDIDIKAN,UNM (MALANG),502
ILMU AKTUARIA,INSTITUT PADJAJARAN BANDUNG,0
KEPERAWATAN PSDKU PANGANDARAN,INSTITUT PADJAJARAN BANDUNG,0
PERIKANAN PSDKU PANGANDARAN,INSTITUT PADJAJARAN BANDUNG,0
PETERNAKAN PSDKU PANGANDARAN,INSTITUT PADJAJARAN BANDUNG,0
TEKNIK BIOMEDIS,UGM (YOGYAKARTA),0
ILMU KOMUNIKASI,UNIVERSITAS AIRLANGGA,0
REKAYASA NANOTEKNOLOGI,UNIVERSITAS AIRLANGGA,0
TEKNIK ELEKTRO,UNIVERSITAS AIRLANGGA,0
TEKNIK INDUSTRI,UNIVERSITAS AIRLANGGA,0
TEKNIK ROBOTIKA DAN KECERDASAN BUATAN,UNIVERSITAS AIRLANGGA,0
TEKNOLOGI SAINS DATA,UNIVERSITAS AIRLANGGA,0
ILMU AKTUARIA,UNIVERSITAS BRAWIJAYA MALANG,0
KEHUTANAN,UNIVERSITAS BRAWIJAYA MALANG,0
